job_id;job_title;job_industry_category
1;Executive Secretary;Health
2;Administrative Officer;Financial Services
3;Recruiting Manager;Property
4;;IT
5;Senior Editor;n/a
6;;Retail
7;;Financial Services
8;Media Manager I;n/a
9;Business Systems Development Analyst;Argiculture
10;Senior Quality Engineer;Financial Services
11;;Property
12;Nuclear Power Engineer;Manufacturing
13;Developer I;Financial Services
14;Account Executive;Financial Services
15;Junior Executive;Manufacturing
16;Media Manager IV;n/a
17;Sales Associate;n/a
18;Professor;n/a
19;Geological Engineer;Manufacturing
20;Project Manager;Manufacturing
21;Safety Technician I;Manufacturing
22;;n/a
23;Research Assistant I;Argiculture
24;Accounting Assistant III;Financial Services
25;Editor;Financial Services
26;Research Nurse;Health
27;Senior Quality Engineer;Health
28;Safety Technician III;Manufacturing
29;Staff Accountant III;Telecommunications
30;Legal Assistant;Manufacturing
31;Product Engineer;n/a
32;Legal Assistant;IT
33;Information Systems Manager;Health
34;VP Quality Control;n/a
35;Social Worker;Health
36;Senior Cost Accountant;Financial Services
37;Assistant Media Planner;Entertainment
38;Payment Adjustment Coordinator;Manufacturing
39;Food Chemist;Health
40;Accountant III;Manufacturing
41;Director of Sales;Retail
42;Senior Financial Analyst;Financial Services
43;Registered Nurse;Health
44;Biostatistician II;n/a
45;Account Executive;Manufacturing
46;Computer Systems Analyst II;Retail
47;Software Test Engineer II;Financial Services
48;Sales Associate;Property
49;Paralegal;Financial Services
50;VP Sales;Property
51;Chief Design Engineer;n/a
52;Office Assistant III;Financial Services
53;Physical Therapy Assistant;n/a
54;;Manufacturing
55;Help Desk Operator;Property
56;Senior Quality Engineer;Retail
57;Information Systems Manager;Financial Services
58;Account Executive;Argiculture
59;Web Developer II;Retail
60;Information Systems Manager;n/a
61;Web Developer II;n/a
62;Research Associate;Argiculture
63;Administrative Officer;Manufacturing
64;Teacher;n/a
65;VP Product Management;Property
66;Statistician II;Retail
67;Automation Specialist IV;Financial Services
68;Data Coordiator;Entertainment
69;;Health
70;Software Test Engineer III;Property
71;Internal Auditor;IT
72;Accountant III;n/a
73;Analyst Programmer;n/a
74;Occupational Therapist;Health
75;Speech Pathologist;Health
76;Quality Control Specialist;Manufacturing
77;Recruiting Manager;Health
78;Project Manager;Retail
79;Civil Engineer;Manufacturing
80;Software Engineer III;Manufacturing
81;Community Outreach Specialist;Financial Services
82;Safety Technician IV;Health
83;VP Accounting;Financial Services
84;General Manager;Financial Services
85;Nurse Practicioner;Manufacturing
86;Product Engineer;Financial Services
87;Automation Specialist II;Health
88;Recruiting Manager;Manufacturing
89;Software Test Engineer III;Health
90;Nurse Practicioner;Financial Services
91;Marketing Assistant;n/a
92;Marketing Manager;Retail
93;Staff Scientist;n/a
94;Teacher;Entertainment
95;Account Executive;Health
96;Assistant Professor;Manufacturing
97;Marketing Manager;Manufacturing
98;Budget/Accounting Analyst IV;n/a
99;Associate Professor;n/a
100;Legal Assistant;Financial Services
101;Graphic Designer;Manufacturing
102;Quality Control Specialist;Financial Services
103;Analyst Programmer;Financial Services
104;Administrative Assistant II;Health
105;Computer Systems Analyst II;Property
106;Administrative Officer;Health
107;Compensation Analyst;Financial Services
108;Systems Administrator III;Property
109;Financial Advisor;Financial Services
110;Chemical Engineer;Manufacturing
111;Administrative Officer;Retail
112;Web Designer I;Manufacturing
113;Legal Assistant;Telecommunications
114;Senior Developer;Manufacturing
115;Office Assistant II;Property
116;Recruiter;Financial Services
117;Operator;Telecommunications
118;Programmer Analyst III;Manufacturing
119;Teacher;Financial Services
120;Quality Engineer;Health
121;Operator;Argiculture
122;Environmental Tech;IT
123;Analog Circuit Design manager;Health
124;Programmer Analyst III;n/a
125;Cost Accountant;Financial Services
126;Junior Executive;n/a
127;Quality Engineer;Manufacturing
128;Internal Auditor;n/a
129;Nurse Practicioner;IT
130;Librarian;Entertainment
131;Senior Editor;Retail
132;Administrative Officer;Argiculture
133;Structural Analysis Engineer;Manufacturing
134;General Manager;IT
135;Data Coordiator;Telecommunications
136;Pharmacist;Health
137;Assistant Manager;Manufacturing
138;Editor;Manufacturing
139;General Manager;Health
140;Accountant I;Property
141;Professor;Financial Services
142;Environmental Tech;Manufacturing
143;Web Designer III;Argiculture
144;Senior Editor;Manufacturing
145;Sales Associate;Financial Services
146;Geologist III;Retail
147;Software Test Engineer I;Financial Services
148;Structural Engineer;n/a
149;Safety Technician II;Property
150;Safety Technician I;Financial Services
151;Help Desk Operator;n/a
152;Junior Executive;Health
153;Web Developer III;Financial Services
154;Programmer Analyst II;Manufacturing
155;Physical Therapy Assistant;Property
156;Design Engineer;Manufacturing
157;Senior Quality Engineer;Argiculture
158;Administrative Assistant II;Financial Services
159;Statistician I;n/a
160;Office Assistant III;Property
161;Analog Circuit Design manager;n/a
162;Assistant Manager;Property
163;VP Marketing;Manufacturing
164;Desktop Support Technician;IT
165;Actuary;Financial Services
166;Assistant Professor;Retail
167;Quality Engineer;Financial Services
168;Administrative Officer;Property
169;Database Administrator III;Health
170;Electrical Engineer;Manufacturing
171;Tax Accountant;Manufacturing
172;Clinical Specialist;Health
173;VP Sales;n/a
174;Database Administrator IV;Manufacturing
175;Accountant I;Entertainment
176;Systems Administrator II;Manufacturing
177;Internal Auditor;Property
178;Design Engineer;Financial Services
179;Professor;Retail
180;Environmental Tech;Property
181;Chief Design Engineer;Retail
182;Account Coordinator;Property
183;Programmer III;n/a
184;Administrative Assistant III;IT
185;Quality Engineer;Entertainment
186;Nurse;Property
187;Teacher;Manufacturing
188;Associate Professor;Financial Services
189;Technical Writer;Manufacturing
190;Staff Accountant II;Financial Services
191;Quality Control Specialist;IT
192;Legal Assistant;Health
193;VP Sales;Financial Services
194;Information Systems Manager;Retail
195;Director of Sales;Health
196;Sales Associate;Manufacturing
197;Senior Developer;Health
198;Dental Hygienist;Health
199;Technical Writer;Health
200;Sales Representative;Retail
201;Account Executive;Retail
202;Nurse Practicioner;Property
203;Budget/Accounting Analyst III;n/a
204;Product Engineer;Retail
205;Computer Systems Analyst IV;n/a
206;VP Sales;Health
207;VP Product Management;n/a
208;Executive Secretary;n/a
209;Geologist I;n/a
210;VP Quality Control;Argiculture
211;Assistant Manager;Retail
212;Financial Analyst;Financial Services
213;Community Outreach Specialist;Manufacturing
214;Accounting Assistant II;Manufacturing
215;Senior Sales Associate;IT
216;Administrative Assistant III;Manufacturing
217;Recruiting Manager;n/a
218;Database Administrator II;n/a
219;Engineer I;Manufacturing
220;Budget/Accounting Analyst I;Financial Services
221;Developer IV;Manufacturing
222;Assistant Professor;Argiculture
223;Database Administrator I;IT
224;Account Coordinator;Financial Services
225;Internal Auditor;Health
226;Desktop Support Technician;Financial Services
227;Operator;Manufacturing
228;Marketing Assistant;Retail
229;Chief Design Engineer;Manufacturing
230;Environmental Specialist;Manufacturing
231;Automation Specialist II;Entertainment
232;Programmer III;Retail
233;Marketing Manager;n/a
234;Research Associate;Financial Services
235;Computer Systems Analyst I;IT
236;Computer Systems Analyst I;Financial Services
237;Help Desk Operator;Financial Services
238;Design Engineer;Health
239;Account Representative IV;Entertainment
240;Desktop Support Technician;Health
241;Statistician IV;Argiculture
242;Human Resources Manager;Health
243;;Argiculture
244;GIS Technical Architect;Financial Services
245;Programmer IV;Health
246;Recruiter;Property
247;Senior Sales Associate;Health
248;Marketing Manager;Financial Services
249;Computer Systems Analyst IV;Manufacturing
250;Legal Assistant;Property
251;Database Administrator II;Retail
252;Director of Sales;n/a
253;Accounting Assistant IV;n/a
254;Staff Scientist;Property
255;Software Engineer IV;Health
256;Software Engineer IV;Financial Services
257;Database Administrator III;Financial Services
258;VP Quality Control;Property
259;Programmer II;Manufacturing
260;;Telecommunications
261;Systems Administrator III;Financial Services
262;Graphic Designer;Property
263;Structural Analysis Engineer;Health
264;Automation Specialist II;Manufacturing
265;Staff Scientist;Argiculture
266;Senior Developer;Retail
267;Structural Engineer;Property
268;Nurse Practicioner;n/a
269;Project Manager;Health
270;Help Desk Operator;Entertainment
271;Programmer Analyst II;Health
272;Safety Technician I;Property
273;Associate Professor;Manufacturing
274;Data Coordiator;Retail
275;Systems Administrator III;Telecommunications
276;Engineer III;Manufacturing
277;Desktop Support Technician;Retail
278;Graphic Designer;n/a
279;Geologist I;Financial Services
280;Structural Analysis Engineer;n/a
281;Director of Sales;Financial Services
282;Software Consultant;n/a
283;Biostatistician IV;Argiculture
284;Senior Quality Engineer;n/a
285;Structural Engineer;Health
286;Community Outreach Specialist;IT
287;Statistician II;Property
288;GIS Technical Architect;Telecommunications
289;Systems Administrator III;Manufacturing
290;GIS Technical Architect;n/a
291;Business Systems Development Analyst;Telecommunications
292;Analyst Programmer;IT
293;Staff Scientist;Manufacturing
294;Executive Secretary;Financial Services
295;Tax Accountant;IT
296;Help Desk Technician;Argiculture
297;Software Engineer III;IT
298;VP Product Management;Manufacturing
299;Structural Analysis Engineer;Entertainment
300;Assistant Professor;IT
301;Automation Specialist I;Manufacturing
302;Recruiting Manager;Financial Services
303;Account Representative IV;Manufacturing
304;Developer III;Financial Services
305;Human Resources Assistant I;Property
306;Software Test Engineer I;Property
307;Internal Auditor;Retail
308;Internal Auditor;Financial Services
309;Geologist IV;Entertainment
310;Media Manager II;Financial Services
311;Programmer IV;Argiculture
312;Programmer IV;Manufacturing
313;Statistician III;Manufacturing
314;Environmental Tech;Argiculture
315;Speech Pathologist;Property
316;Environmental Tech;Financial Services
317;Engineer II;Financial Services
318;VP Sales;Manufacturing
319;Budget/Accounting Analyst III;Financial Services
320;Recruiting Manager;Retail
321;Environmental Specialist;n/a
322;Health Coach II;Retail
323;Project Manager;Property
324;Developer II;Financial Services
325;Help Desk Operator;IT
326;Chief Design Engineer;Property
327;Database Administrator IV;Retail
328;VP Quality Control;Financial Services
329;Help Desk Operator;Health
330;Nurse;Retail
331;Operator;Retail
332;Recruiter;Manufacturing
333;Database Administrator III;Retail
334;Systems Administrator I;n/a
335;Structural Engineer;Entertainment
336;Account Coordinator;Retail
337;Structural Engineer;Manufacturing
338;Sales Associate;Health
339;Human Resources Manager;Retail
340;Structural Engineer;Financial Services
341;Senior Sales Associate;Argiculture
342;Graphic Designer;Health
343;Junior Executive;Property
344;Payment Adjustment Coordinator;Retail
345;Tax Accountant;n/a
346;Accounting Assistant II;IT
347;Systems Administrator I;Financial Services
348;Analog Circuit Design manager;IT
349;VP Product Management;Financial Services
350;General Manager;n/a
351;Recruiter;Retail
352;Web Developer I;n/a
353;Software Engineer II;Health
354;Computer Systems Analyst IV;Financial Services
355;Staff Scientist;IT
356;Assistant Professor;Health
357;Business Systems Development Analyst;Entertainment
358;Office Assistant II;n/a
359;VP Marketing;Financial Services
360;Nurse;Argiculture
361;Marketing Assistant;Financial Services
362;Accounting Assistant I;Retail
363;Computer Systems Analyst II;Health
364;Help Desk Technician;Financial Services
365;Help Desk Technician;Manufacturing
366;GIS Technical Architect;Health
367;Analyst Programmer;Property
368;Director of Sales;Property
369;Systems Administrator III;n/a
370;Health Coach II;Property
371;Research Assistant II;Manufacturing
372;Statistician III;Property
373;Computer Systems Analyst I;Health
374;Nurse;n/a
375;Speech Pathologist;Manufacturing
376;Programmer Analyst IV;n/a
377;Systems Administrator II;n/a
378;Health Coach I;Health
379;Accounting Assistant I;Manufacturing
380;Automation Specialist IV;Property
381;Human Resources Manager;Manufacturing
382;Accountant II;Financial Services
383;Assistant Manager;Health
384;Tax Accountant;Health
385;Staff Scientist;Financial Services
386;Graphic Designer;Financial Services
387;General Manager;Manufacturing
388;Automation Specialist III;Manufacturing
389;Safety Technician II;Manufacturing
390;Sales Associate;IT
391;Human Resources Assistant I;n/a
392;Research Associate;n/a
393;Business Systems Development Analyst;Retail
394;Analog Circuit Design manager;Retail
395;Developer II;n/a
396;Administrative Assistant I;Financial Services
397;Health Coach IV;Health
398;Senior Developer;IT
399;GIS Technical Architect;Argiculture
400;Executive Secretary;Retail
401;Senior Developer;Entertainment
402;Assistant Professor;n/a
403;Database Administrator IV;Property
404;Media Manager III;Health
405;Engineer II;Health
406;Programmer Analyst II;n/a
407;Environmental Specialist;Entertainment
408;Account Representative IV;IT
409;Help Desk Technician;n/a
410;Quality Engineer;Retail
411;Media Manager IV;Financial Services
412;Safety Technician II;IT
413;Accountant III;Financial Services
414;Account Representative III;n/a
415;Marketing Manager;IT
416;Analog Circuit Design manager;Financial Services
417;Web Designer IV;n/a
418;Assistant Manager;Financial Services
419;Business Systems Development Analyst;n/a
420;Environmental Specialist;Argiculture
421;Analyst Programmer;Retail
422;Business Systems Development Analyst;Financial Services
423;Speech Pathologist;Financial Services
424;Media Manager II;Health
425;Budget/Accounting Analyst II;Manufacturing
426;Web Developer IV;Argiculture
427;Software Consultant;IT
428;Community Outreach Specialist;Entertainment
429;Accounting Assistant IV;Manufacturing
430;Staff Accountant III;Health
431;Accounting Assistant III;IT
432;Professor;Manufacturing
433;Programmer I;IT
434;Account Coordinator;Manufacturing
435;Geologist IV;n/a
436;Technical Writer;n/a
437;Safety Technician I;n/a
438;Biostatistician III;Health
439;Software Test Engineer IV;Health
440;Account Representative III;Health
441;Analog Circuit Design manager;Manufacturing
442;Product Engineer;Manufacturing
443;Internal Auditor;Manufacturing
444;VP Quality Control;Manufacturing
445;Research Assistant IV;Retail
446;Safety Technician II;n/a
447;Structural Analysis Engineer;IT
448;Developer II;Manufacturing
449;Geologist I;Manufacturing
450;Project Manager;n/a
451;Media Manager I;Retail
452;General Manager;Retail
453;Information Systems Manager;Argiculture
454;Desktop Support Technician;Telecommunications
455;VP Marketing;n/a
456;Account Representative I;Financial Services
457;Structural Engineer;IT
458;Physical Therapy Assistant;IT
459;Recruiter;IT
460;Web Designer IV;Property
461;Statistician IV;Financial Services
462;Accounting Assistant III;Health
463;Accountant IV;Manufacturing
464;Office Assistant II;IT
465;Geologist I;IT
466;Business Systems Development Analyst;Health
467;Staff Scientist;Retail
468;Operator;n/a
469;Biostatistician I;Financial Services
470;Structural Analysis Engineer;Property
471;Budget/Accounting Analyst IV;Entertainment
472;Recruiter;n/a
473;Operator;Financial Services
474;Computer Systems Analyst II;n/a
475;Professor;Telecommunications
476;Help Desk Operator;Retail
477;Human Resources Assistant IV;Manufacturing
478;Technical Writer;Retail
479;Human Resources Manager;n/a
480;Research Associate;Manufacturing
481;Biostatistician IV;Health
482;Budget/Accounting Analyst I;n/a
483;Assistant Professor;Financial Services
484;Structural Engineer;Retail
485;Speech Pathologist;Retail
486;Accountant IV;IT
487;Data Coordiator;Health
488;Administrative Assistant IV;n/a
489;Automation Specialist IV;IT
490;Staff Accountant III;n/a
491;Budget/Accounting Analyst I;Manufacturing
492;Geologist III;Health
493;Programmer I;Manufacturing
494;Office Assistant I;Manufacturing
495;Director of Sales;Manufacturing
496;Project Manager;Financial Services
497;Account Coordinator;Argiculture
498;Assistant Manager;IT
499;Teacher;Telecommunications
500;Business Systems Development Analyst;IT
501;Design Engineer;IT
502;Quality Control Specialist;Telecommunications
503;Nurse;Financial Services
504;Software Test Engineer III;n/a
505;Physical Therapy Assistant;Retail
506;Senior Developer;Property
507;Web Developer I;Health
508;Help Desk Operator;Manufacturing
509;Human Resources Assistant II;Manufacturing
510;Mechanical Systems Engineer;Retail
511;Quality Engineer;IT
512;Statistician I;Financial Services
513;Human Resources Assistant II;Financial Services
514;Budget/Accounting Analyst II;n/a
515;Software Consultant;Property
516;Software Consultant;Telecommunications
517;Help Desk Technician;Property
518;Junior Executive;Financial Services
519;Data Coordiator;Manufacturing
520;Software Test Engineer IV;Manufacturing
521;Account Representative III;Entertainment
522;Associate Professor;Argiculture
523;Recruiter;Telecommunications
524;Engineer IV;Financial Services
525;Web Designer I;Telecommunications
526;Account Representative IV;n/a
527;Executive Secretary;Manufacturing
528;Statistician IV;Property
529;Design Engineer;n/a
530;Product Engineer;Property
531;Computer Systems Analyst II;Telecommunications
532;VP Quality Control;Retail
533;Software Test Engineer I;Health
534;Administrative Assistant IV;Financial Services
535;Software Consultant;Retail
536;Web Developer II;Entertainment
537;Account Coordinator;n/a
538;Quality Engineer;n/a
539;;Entertainment
540;Web Developer IV;Retail
541;Health Coach III;Health
542;Software Test Engineer III;IT
543;Physical Therapy Assistant;Financial Services
544;VP Marketing;Entertainment
545;Executive Secretary;Property
546;Statistician I;Retail
547;Office Assistant IV;Health
548;Environmental Specialist;Health
549;Health Coach II;Entertainment
550;Developer III;n/a
551;VP Product Management;Argiculture
552;VP Marketing;Property
553;Marketing Assistant;Argiculture
554;Speech Pathologist;IT
555;Quality Control Specialist;Health
556;Statistician IV;Retail
557;Executive Secretary;IT
558;Software Engineer IV;n/a
559;Tax Accountant;Argiculture
560;Data Coordiator;IT
561;Media Manager II;n/a
562;Statistician IV;n/a
563;Geologist I;Health
564;Safety Technician I;Retail
565;Junior Executive;Telecommunications
566;VP Marketing;Telecommunications
567;Business Systems Development Analyst;Manufacturing
568;Engineer IV;Health
569;Budget/Accounting Analyst IV;Financial Services
570;Programmer II;IT
571;Accounting Assistant II;n/a
572;Software Test Engineer I;Telecommunications
573;Editor;n/a
574;VP Product Management;Health
575;Account Executive;Property
576;Senior Sales Associate;Manufacturing
577;Software Engineer I;IT
578;GIS Technical Architect;Manufacturing
579;Web Designer IV;Financial Services
580;Human Resources Assistant III;Property
581;Research Assistant II;Retail
582;Geologist I;Entertainment
583;Desktop Support Technician;Property
584;Research Assistant I;Manufacturing
585;Graphic Designer;Retail
586;Assistant Professor;Property
587;Tax Accountant;Property
588;Nurse;Manufacturing
589;Biostatistician I;Property
590;Safety Technician IV;Entertainment
591;Accounting Assistant II;Telecommunications
592;Mechanical Systems Engineer;Manufacturing
593;Staff Accountant I;Financial Services
594;Marketing Assistant;Manufacturing
595;Programmer Analyst III;Entertainment
596;Junior Executive;Entertainment
597;Office Assistant III;Manufacturing
598;Senior Quality Engineer;Manufacturing
599;Administrative Assistant III;n/a
600;Senior Developer;Financial Services
601;Editor;Argiculture
602;Data Coordiator;Financial Services
603;Account Executive;n/a
604;Web Designer III;Manufacturing
605;Budget/Accounting Analyst IV;IT
606;Database Administrator IV;n/a
607;Tax Accountant;Telecommunications
608;Editor;IT
609;Administrative Assistant IV;Telecommunications
610;Office Assistant IV;IT
611;Account Representative I;n/a
612;Help Desk Technician;Retail
613;Research Associate;Health
614;Computer Systems Analyst IV;Retail
615;Computer Systems Analyst IV;Property
616;Design Engineer;Retail
617;Computer Systems Analyst III;Manufacturing
618;Environmental Tech;Health
619;Engineer IV;Manufacturing
620;Human Resources Manager;Financial Services
621;Assistant Professor;Telecommunications
622;Geologist II;Retail
623;Assistant Manager;n/a
624;Senior Editor;Property
625;Environmental Specialist;Financial Services
626;Biostatistician I;Manufacturing
627;Account Coordinator;IT
628;Statistician I;Property
629;Software Engineer II;Telecommunications
630;GIS Technical Architect;Retail
631;Payment Adjustment Coordinator;Health
632;Web Designer II;IT
633;Staff Accountant IV;n/a
634;Statistician I;Manufacturing
635;Junior Executive;Argiculture
636;Safety Technician III;Retail
637;Physical Therapy Assistant;Argiculture
638;Software Engineer I;Property
639;Speech Pathologist;n/a
640;Account Representative IV;Telecommunications
641;Mechanical Systems Engineer;Financial Services
642;Legal Assistant;n/a
643;Senior Quality Engineer;Telecommunications
644;Teacher;Health
645;Engineer II;Argiculture
646;Physical Therapy Assistant;Health
647;Human Resources Manager;IT
648;Media Manager III;n/a
649;Data Coordiator;Property
650;VP Sales;IT
651;Operator;IT
652;Safety Technician IV;Property
653;Media Manager III;Financial Services
654;Administrative Assistant III;Financial Services
655;Human Resources Assistant I;Manufacturing
656;Software Consultant;Financial Services
657;Mechanical Systems Engineer;Property
658;Structural Engineer;Argiculture
659;Database Administrator III;n/a
660;Associate Professor;Health
661;Programmer Analyst II;IT
662;Computer Systems Analyst I;Entertainment
663;Research Associate;Entertainment
664;Administrative Assistant IV;Retail
665;Web Developer III;Manufacturing
666;Account Representative IV;Property
667;Executive Secretary;Argiculture
668;Staff Accountant III;Entertainment
669;Web Designer I;Property
670;Database Administrator I;n/a
671;Associate Professor;Retail
672;Recruiter;Argiculture
673;Geologist IV;IT
674;Physical Therapy Assistant;Manufacturing
675;Software Test Engineer III;Entertainment
676;Administrative Officer;IT
677;Human Resources Manager;Property
678;Nurse Practicioner;Retail
679;Safety Technician III;n/a
680;Desktop Support Technician;Manufacturing
681;Software Engineer III;n/a
682;Professor;Property
683;Developer IV;Health
684;Media Manager II;Retail
685;Senior Developer;n/a
686;Information Systems Manager;Property
687;Safety Technician IV;Financial Services
688;Statistician II;Manufacturing
689;Accountant I;n/a
690;Professor;IT
691;Chief Design Engineer;Financial Services
692;Computer Systems Analyst III;Financial Services
693;Administrative Assistant IV;Health
694;Quality Engineer;Telecommunications
695;Web Designer II;Retail
696;Editor;Health
697;Programmer II;Health
698;Budget/Accounting Analyst I;IT
699;Budget/Accounting Analyst III;IT
700;Account Representative IV;Argiculture
701;Accountant I;Health
702;Product Engineer;Telecommunications
703;Marketing Manager;Property
704;Teacher;Retail
705;Senior Sales Associate;Property
706;Web Developer III;Entertainment
707;Senior Developer;Telecommunications
708;Mechanical Systems Engineer;Argiculture
709;Desktop Support Technician;Argiculture
710;Community Outreach Specialist;Retail
711;Associate Professor;IT
712;Software Consultant;Entertainment
713;Research Associate;IT
714;Research Assistant II;Financial Services
715;Internal Auditor;Entertainment
716;Administrative Assistant I;Argiculture
717;Biostatistician IV;Financial Services
718;Research Assistant II;Health
719;Desktop Support Technician;n/a
720;Software Engineer IV;Manufacturing
721;Accountant I;Financial Services
722;Data Coordiator;n/a
723;Administrative Assistant III;Argiculture
724;Account Representative IV;Financial Services
725;Analog Circuit Design manager;Property
726;Budget/Accounting Analyst IV;Health
727;Budget/Accounting Analyst II;Financial Services
728;Software Test Engineer IV;IT
729;Web Designer IV;Retail
730;Software Test Engineer I;Argiculture
731;Graphic Designer;Entertainment
732;Software Engineer II;IT
733;Web Developer IV;Entertainment
734;Software Consultant;Manufacturing
735;Accountant IV;Financial Services
736;Information Systems Manager;Manufacturing
737;Biostatistician II;Manufacturing
738;Account Representative II;n/a
739;Community Outreach Specialist;n/a
740;VP Product Management;Telecommunications
741;Office Assistant III;n/a
742;Geologist IV;Financial Services
743;Account Coordinator;Health
744;Account Representative I;Manufacturing
745;Quality Control Specialist;n/a
746;Software Consultant;Health
747;Nurse;IT
748;Director of Sales;IT
749;Quality Control Specialist;Retail
750;Administrative Officer;n/a
751;Developer III;Manufacturing
752;Safety Technician II;Financial Services
753;Budget/Accounting Analyst I;Argiculture
754;Technical Writer;IT
755;Research Assistant II;Argiculture
756;Systems Administrator I;Property
757;Staff Accountant II;IT
758;Software Test Engineer I;Manufacturing
759;Senior Sales Associate;n/a
760;Programmer Analyst II;Financial Services
761;Programmer III;Argiculture
762;Software Test Engineer II;n/a
763;Geologist II;Telecommunications
764;Web Developer II;Manufacturing
765;Health Coach II;Manufacturing
766;Human Resources Assistant I;Health
767;Accountant IV;Property
768;Software Engineer II;n/a
769;Biostatistician I;Argiculture
770;Web Designer III;Retail
771;Teacher;IT
772;Product Engineer;Health
773;Computer Systems Analyst I;n/a
774;Web Developer I;Manufacturing
775;Automation Specialist II;n/a
776;Media Manager IV;Manufacturing
777;Accountant I;Manufacturing
778;Staff Accountant IV;Health
779;Programmer II;Financial Services
780;Biostatistician IV;Property
781;Software Test Engineer I;IT
782;Geologist III;n/a
783;Quality Control Specialist;Property
784;VP Marketing;IT
785;VP Sales;Retail
786;Administrative Assistant III;Retail
787;Database Administrator I;Argiculture
788;Statistician II;Financial Services
789;Junior Executive;Retail
790;VP Marketing;Health
791;Human Resources Assistant IV;n/a
792;Senior Editor;Financial Services
793;Office Assistant II;Argiculture
794;Safety Technician IV;Manufacturing
795;Biostatistician IV;n/a
796;Programmer III;Telecommunications
797;Marketing Assistant;IT
798;Structural Analysis Engineer;Financial Services
799;Biostatistician IV;IT
800;Software Test Engineer IV;Property
801;Account Representative II;Health
802;Human Resources Assistant III;Manufacturing
803;Accounting Assistant I;Financial Services
804;Safety Technician III;Argiculture
805;Software Engineer II;Manufacturing
806;Payment Adjustment Coordinator;n/a
807;Office Assistant I;Health
808;Accountant II;IT
809;Help Desk Operator;Telecommunications
810;Programmer I;Financial Services
811;Office Assistant IV;Property
812;Engineer IV;n/a
813;Database Administrator III;Manufacturing
814;Community Outreach Specialist;Property
815;Physical Therapy Assistant;Entertainment
816;Recruiter;Health
817;Help Desk Technician;IT
818;Web Developer III;Health
819;Accountant II;Property
820;Account Executive;IT
821;Programmer Analyst IV;Manufacturing
822;Statistician III;Health
823;Human Resources Assistant II;Property
824;Budget/Accounting Analyst I;Health
825;Staff Accountant II;n/a
826;Programmer Analyst I;Financial Services
827;Editor;Property
828;Web Designer IV;Manufacturing
829;Systems Administrator II;Property
830;General Manager;Argiculture
831;Professor;Health
832;Budget/Accounting Analyst III;Retail
833;Biostatistician II;Entertainment
834;Associate Professor;Property
835;Software Test Engineer III;Manufacturing
836;Marketing Manager;Argiculture
837;Software Engineer I;Manufacturing
838;Administrative Assistant IV;Argiculture
839;Professor;Argiculture
840;Budget/Accounting Analyst IV;Manufacturing
841;Human Resources Assistant II;Health
842;Staff Accountant IV;Telecommunications
843;Human Resources Assistant I;Telecommunications
844;Geologist IV;Retail
845;Computer Systems Analyst I;Property
846;Programmer Analyst I;Retail
847;Computer Systems Analyst II;IT
848;Developer III;Property
849;Web Designer II;Property
850;Research Assistant IV;Health
851;Nurse Practicioner;Argiculture
852;Systems Administrator I;Retail
853;Programmer Analyst I;n/a
854;Executive Secretary;Telecommunications
855;Statistician II;n/a
856;Senior Sales Associate;Retail
857;Nurse;Entertainment
858;Structural Analysis Engineer;Argiculture
859;Web Designer I;Health
860;Programmer I;Argiculture
861;Accounting Assistant III;Retail
862;Operator;Health
863;Nurse Practicioner;Health
864;Technical Writer;Financial Services
865;Web Designer II;Manufacturing
866;Software Engineer III;Property
867;Engineer II;Manufacturing
868;Safety Technician II;Telecommunications
869;Developer IV;IT
870;Media Manager II;Manufacturing
871;Software Test Engineer IV;Entertainment
872;Administrative Assistant I;Entertainment
873;Senior Quality Engineer;Property
874;Administrative Assistant IV;Property
875;Software Test Engineer III;Retail
876;Account Representative I;Retail
877;Accountant III;Retail
878;Software Test Engineer II;Manufacturing
879;Business Systems Development Analyst;Property
880;Teacher;Property
881;Software Engineer II;Financial Services
882;Accounting Assistant I;Property
883;Web Developer III;n/a
884;Developer IV;n/a
885;Engineer III;Health
886;Accountant II;Entertainment
887;Systems Administrator IV;Financial Services
888;Engineer III;Financial Services
889;Software Engineer I;n/a
890;Tax Accountant;Retail
891;Tax Accountant;Financial Services
892;Software Engineer III;Financial Services
893;Marketing Manager;Health
894;Budget/Accounting Analyst III;Health
895;Web Designer I;Financial Services
896;Media Manager III;Property
897;Budget/Accounting Analyst II;Retail
898;Engineer IV;Entertainment
899;Software Engineer I;Financial Services
900;Software Test Engineer I;n/a
901;Statistician III;n/a
902;Engineer II;n/a
903;Project Manager;Telecommunications
904;Media Manager IV;Retail
905;Automation Specialist II;Financial Services
906;Database Administrator III;Property
907;Research Assistant III;Health
908;Account Representative IV;Retail
909;Biostatistician II;Health
910;Systems Administrator I;Entertainment
911;Mechanical Systems Engineer;Health
912;Sales Associate;Retail
913;Quality Engineer;Property
914;Safety Technician III;Health
915;Accountant III;Health
916;Web Developer I;Financial Services
917;Research Assistant III;Financial Services
918;Budget/Accounting Analyst IV;Property
919;Computer Systems Analyst II;Manufacturing
920;Programmer Analyst I;Health
921;Programmer IV;Entertainment
922;Project Manager;IT
923;Geologist III;Financial Services
924;Associate Professor;Entertainment
925;VP Quality Control;IT
926;Office Assistant I;n/a
927;Account Representative I;IT
928;Media Manager III;Telecommunications
929;Assistant Manager;Argiculture
930;Safety Technician IV;n/a
931;Design Engineer;Property
932;Human Resources Assistant III;Retail
933;Accountant II;Manufacturing
934;Engineer IV;Argiculture
935;Web Developer I;Retail
936;Accountant I;IT
937;Account Representative III;Property
938;Staff Scientist;Health
939;Engineer II;Property
940;Accountant IV;n/a
941;Office Assistant IV;Manufacturing
942;Nurse;Telecommunications
943;VP Quality Control;Health
944;Legal Assistant;Retail
945;Mechanical Systems Engineer;n/a
946;Biostatistician I;IT
947;Staff Accountant IV;Retail
948;Safety Technician II;Retail
949;Accounting Assistant III;Entertainment
950;Web Designer III;n/a
951;Office Assistant I;IT
952;VP Quality Control;Telecommunications
953;Mechanical Systems Engineer;IT
954;Media Manager IV;Argiculture
955;Payment Adjustment Coordinator;IT
956;Nurse Practicioner;Entertainment
957;Payment Adjustment Coordinator;Financial Services
958;Media Manager III;Manufacturing
959;Office Assistant IV;Financial Services
960;Research Assistant IV;Manufacturing
961;Senior Editor;IT
962;Database Administrator III;IT
963;Chief Design Engineer;Health
964;Media Manager I;Health
965;Graphic Designer;IT
966;Human Resources Assistant I;Financial Services
967;Engineer IV;IT
968;Research Associate;Telecommunications
969;Product Engineer;Entertainment
970;General Manager;Entertainment
971;Engineer III;IT
972;Staff Accountant II;Manufacturing
973;Web Designer I;Retail
974;Automation Specialist IV;n/a
975;Structural Engineer;Telecommunications
976;Analyst Programmer;Health
977;Account Representative I;Health
978;Software Test Engineer II;Property
979;Programmer Analyst III;Health
980;Computer Systems Analyst II;Entertainment
981;Director of Sales;Argiculture
982;Staff Accountant I;Manufacturing
983;General Manager;Property
984;Systems Administrator III;Argiculture
985;VP Marketing;Retail
986;Programmer II;n/a
987;Product Engineer;IT
988;GIS Technical Architect;Property
989;Office Assistant IV;n/a
990;Systems Administrator IV;Health
991;Research Associate;Retail
992;Database Administrator I;Financial Services
993;Staff Accountant III;Financial Services
994;Systems Administrator IV;Manufacturing
995;Account Representative II;Financial Services
996;Help Desk Operator;Argiculture
997;Research Assistant I;Health
998;Programmer III;Financial Services
999;Administrative Assistant IV;Manufacturing
1000;Staff Scientist;Telecommunications
1001;General Manager;Telecommunications
1002;Environmental Tech;Retail
1003;GIS Technical Architect;IT
1004;Structural Analysis Engineer;Retail
1005;Administrative Assistant I;IT
1006;Staff Accountant IV;Property
1007;Media Manager II;Property
1008;Junior Executive;IT
1009;Budget/Accounting Analyst II;Health
1010;Environmental Specialist;Retail
1011;Nurse;Health
1012;Statistician II;Health
1013;Accountant I;Retail
1014;Account Coordinator;Entertainment
1015;Computer Systems Analyst I;Argiculture
1016;Research Assistant II;n/a
1017;Technical Writer;Property
1018;Senior Quality Engineer;Entertainment
1019;Senior Developer;Argiculture
1020;Web Developer IV;Manufacturing
1021;Office Assistant II;Manufacturing
1022;Recruiting Manager;Telecommunications
1023;Programmer IV;Property
1024;Biostatistician II;Telecommunications
1025;Web Developer IV;n/a
1026;Legal Assistant;Argiculture
1027;Systems Administrator IV;n/a
1028;Environmental Tech;n/a
1029;Chief Design Engineer;Telecommunications
1030;VP Product Management;Retail
1031;Media Manager IV;IT
1032;Staff Accountant I;n/a
1033;Safety Technician III;Financial Services
1034;Geologist III;Manufacturing
1035;Accounting Assistant III;Property
1036;Geologist II;IT
1037;Human Resources Assistant III;Health
1038;Programmer Analyst I;IT
1039;Staff Accountant II;Retail
1040;Health Coach II;IT
1041;Research Assistant III;n/a
1042;Product Engineer;Argiculture
1043;Assistant Manager;Entertainment
1044;Environmental Specialist;Telecommunications
1045;Human Resources Assistant III;Financial Services
1046;Geologist II;Argiculture
1047;Project Manager;Argiculture
1048;Web Developer IV;Property
1049;Automation Specialist IV;Health
